id;transaction_id;ref_no;date
1;Ergonomic;Berkshire compress capacity;2021-11-02T15:07:29
2;National Idaho Interface;deposit;2021-11-02T07:02:03
3;Island Table;Toys Highway;2021-11-02T16:19:40
4;Islands online maximize;capacitor online scale;2021-11-02T04:07:29
5;Kazakhstan;Supervisor Ford;2021-11-02T02:44:06
6;Small Rustic Pakistan;THX Malawi Handmade;2021-11-02T01:35:03
7;Florida Branding;Avon parsing lavender;2021-11-02T01:50:19
8;blue AGP input;feed Dollar product;2021-11-02T02:32:35
9;Germany;Administrator Wooden;2021-11-02T21:03:43
10;value-added;bi-directional USB lavender;2021-11-03T00:35:22
