id;stars;date;comment
1;85032;2021-11-19T19:33:42;Concrete Chicken Sleek
2;56280;2021-11-19T11:11:52;modular Pa'anga
3;14397;2021-11-19T21:59:18;withdrawal
4;658;2021-11-19T08:14:10;synthesizing withdrawal
5;34073;2021-11-19T16:24:04;Officer whiteboard customized
6;80684;2021-11-19T19:08:16;Administrator Industrial maroon
7;66799;2021-11-19T20:18:31;SAS Flats copying
8;72521;2021-11-19T08:40:00;Account Bedfordshire
9;50825;2021-11-20T01:33:06;IB Generic
10;6488;2021-11-19T11:46:46;Accounts Synergistic Synchronised
